	Values	Ridge	LDA	RidgeSVM
0	0.0	0.0011547005383792605	0.009291573243177581	0.004932882862316242
1	0.0	0.011789826122551608	0.010408329997330669	0.011015141094572207
2	0.0	0.016000000000000007	0.005686240703077343	0.01479864858694874
3	0.0	0.006110100926607789	0.008000000000000007	0.0005773502691896344
4	0.0	0.013453624047073722	0.002081665999466177	0.004041451884327384
5	0.0	0.011503622617824949	0.005686240703077386	0.010016652800877858
